ลำดับ,สัปดาห์,ประเภท,แบรนด์,หมวด,ส่งเมื่อ,ส่งทาง,ติดต่อที่,ช่องทางเพิ่มเติม,มุมนำเสนอ,ข้อควรรู้,วันตาม,สถานะ,วันที่ส่งจริง,ผู้รับ / ผลลัพธ์
1,1,สมัครแพลตฟอร์ม,TikTok Shop Affiliate,แพลตฟอร์ม Affiliate,ส. 10 ต.ค.,สมัครในแอป แล้วส่งข้อความขอสินค้าตัวอย่างถึงร้านใน TikTok Shop,TikTok > Creator tools > TikTok Shop for Creator > Apply,,ปักตะกร้าเสื้อบอล สตั๊ด ถุงเท้ากันลื่น ในคลิปวิเคราะห์เกม,"เกณฑ์ไทย 1,000 ผู้ติดตาม อายุ 18+ ไม่มีประวัติผิด Creator Code",,ยังไม่ทัก,,
2,1,สมัครแพลตฟอร์ม,TikTok One (Creator Marketplace),แพลตฟอร์มจับคู่แบรนด์,ส. 10 ต.ค.,สมัครในแอป แล้ววางข้อความโปรไฟล์,TikTok Studio > Monetization > Creator Marketplace > Join,,ตั้งโปรไฟล์หมวด Sports ใส่ยอดวิวเฉลี่ยและลิงก์ Media kit ให้แบรนด์ค้นเจอเอง,"เกณฑ์ทางการ 10,000 ผู้ติดตาม บางแหล่งระบุว่าต้องมียอดวิวใน 28-30 วันด้วย",,ยังไม่ทัก,,
3,1,สมัครแพลตฟอร์ม,Shopee Affiliate,แพลตฟอร์ม Affiliate,ส. 10 ต.ค.,สมัครบนเว็บ,shopee.co.th/m/affiliate-influencer,,ลิงก์อุปกรณ์ฟุตบอลช่วง 11.11 และ 12.12,ใช้บัตรประชาชน บัญชีธนาคารไทย และลิงก์โซเชียล อนุมัติ 1-3 วันทำการ,,ยังไม่ทัก,,
4,1,สมัครแพลตฟอร์ม,Tellscore,แพลตฟอร์ม Influencer,อา. 11 ต.ค.,สมัครบนเว็บ ลงทะเบียนครบ 4 ช่อง,th.tellscore.com/th/Influencer/SignUp,LINE @tellscore.influ · contact@tellscore.com,"ลงทะเบียนทั้ง TikTok, YouTube และ Facebook เพื่อรวม reach ให้เห็นภาพ 100K",,,ยังไม่ทัก,,
5,1,สมัครแพลตฟอร์ม,AnyCreator (AnyMind),แพลตฟอร์ม Influencer,อา. 11 ต.ค. สมัคร · จ. 12 ต.ค. 09:30 ส่งอีเมล,สมัครในแอป AnyCreator แล้วส่งอีเมลแนะนำตัวถึง info.th@anymindgroup.com,แอป AnyCreator,info.th@anymindgroup.com · anymindgroup.com/th/contact,ขอให้จับคู่กับแคมเปญกีฬาและเกม,นิยาม micro ไว้ที่ 10K-100K ตรงกับช่อง,,ยังไม่ทัก,,
6,1,สมัครแพลตฟอร์ม,Partipost,แพลตฟอร์ม UGC,อา. 11 ต.ค.,สมัครในแอป,แอป Partipost,info@partipost.com,รับงานเล็กก่อนเพื่อมีเคสจริงใส่พอร์ต,,,ยังไม่ทัก,,
7,1,สมัครแพลตฟอร์ม,Revu Thailand,แพลตฟอร์มรีวิว,อา. 11 ต.ค.,สมัครบนเว็บ,th.revu.net,Thailandrevu@gmail.com,รีวิวสินค้าไลฟ์สไตล์ผู้ชาย,ส่วนใหญ่เป็นงานรีวิวแลกสินค้า,,ยังไม่ทัก,,
8,2,ทักเอง,Kai Grooming,ดูแลผู้ชาย,พ. 14 ต.ค. 09:00 (ส่งรายแรก),อีเมลถึง marketing@kaigrooming.com · ตามด้วย DM IG @kaigrooming,marketing@kaigrooming.com,FB / IG / TikTok @kaigrooming,grooming ก่อนไปสนามและก่อนอัดคลิป ผู้ชม 76-83% เป็นผู้ชาย,ส่งรายนี้เป็นรายแรก หมวด grooming มีอัตราตอบกลับสูงสุด,พ. 21 ต.ค.,ยังไม่ทัก,,
9,2,ทักเอง,Ophtus,แว่นตา,พ. 14 ต.ค. 09:15,อีเมลถึง mkt@ophtus.com · ตามด้วย LINE @ophtus,mkt@ophtus.com,LINE @ophtus,ดูบอลดึกและตัดต่อทั้งคืน สายตาต้องรอด แว่นกรองแสงสำหรับแฟนบอล,,พ. 21 ต.ค.,ยังไม่ทัก,,
10,2,ทักเอง,Monomax,สตรีมมิงพรีเมียร์ลีก,พ. 14 ต.ค. 09:30,อีเมลถึง onlinesales@mono.co.th cc monoonline.saleadvertising@gmail.com · ตามด้วย DM เพจ Monomax,onlinesales@mono.co.th,cc monoonline.saleadvertising@gmail.com,5 เรื่องต้องรู้ก่อนดูแมตช์นี้ ปิดท้ายด้วยช่องทางรับชม พร้อมโค้ดสมัครสมาชิก,เสนอเป็นคอนเทนต์โปรโมตแพลตฟอร์ม ห้ามใช้ภาพการแข่งขันที่มีลิขสิทธิ์,พ. 21 ต.ค.,ยังไม่ทัก,,
11,2,ทักเอง,Ari Football,ไลฟ์สไตล์ฟุตบอล,พ. 14 ต.ค. 09:45,อีเมลถึง help@arifootballstore.com และทัก LINE @ari_football วันเดียวกัน,help@arifootballstore.com,LINE @ari_football · 02-252-7171,เสื้อแข่งตัวนี้มีเรื่องอะไรอยู่ข้างหลัง หรือเริ่มจาก Affiliate,ยังไม่พบอีเมลฝ่ายการตลาดโดยตรง ทัก LINE คู่กัน,พ. 21 ต.ค.,ยังไม่ทัก,,
12,2,ทักเอง,Warrix,ชุดแข่งทีมชาติไทย,พฤ. 15 ต.ค. 09:00,อีเมลถึง contact@warrix.co.th · ตามด้วย LINE @warrix,contact@warrix.co.th,LINE @warrix · 02-117-1300,ประวัติเสื้อช้างศึกทุกยุค ช่วงคิงส์คัพหรือเอเชียนคัพ,ส่งช่วงใกล้ทีมชาติแข่งจะได้ผลดีกว่า,พฤ. 22 ต.ค.,ยังไม่ทัก,,
13,2,ทักเอง,Grand Sport,ชุดแข่งสโมสรไทย,พฤ. 15 ต.ค. 09:15,อีเมลถึง contactonline@grandsport.com · ตามด้วย DM เพจ grandsport1961,contactonline@grandsport.com,FB grandsport1961,ไทม์ไลน์เสื้อสโมสรไทย และเทียบชุดแข่งไทยลีกฤดูกาลนี้,,พฤ. 22 ต.ค.,ยังไม่ทัก,,
14,2,ทักเอง,FBT,อุปกรณ์กีฬาไทย,พฤ. 15 ต.ค. 09:30,อีเมลถึง info@fbtsports.com และทัก LINE @fbtsports วันเดียวกัน,info@fbtsports.com,LINE @fbtsports · 02-718-4700,อุปกรณ์เตะบอลครบชุดในงบเท่าไหร่ ทดสอบในสนามหญ้าเทียมจริง,,พฤ. 22 ต.ค.,ยังไม่ทัก,,
15,2,ทักเอง,PAN,สตั๊ดแบรนด์ไทย,พฤ. 15 ต.ค. 09:45,อีเมลถึง panthailand@pan-group.com cc sportstownonline.div@ba-group.in.th · ตามด้วย LINE @pan.thailand,panthailand@pan-group.com,cc sportstownonline.div@ba-group.in.th · LINE @pan.thailand,ทำไมนักเตะไทยหลายคนเลือกสตั๊ดแบรนด์ไทย และรีวิวในสนามจริง,,พฤ. 22 ต.ค.,ยังไม่ทัก,,
16,3,ทักเอง,ร้านเสื้อบอลมือสองและเรโทร (3 ร้าน),ร้านท้องถิ่น,จ. 19 ต.ค. 19:00,DM เพจ Facebook หรือ IG ของร้าน 3 ร้าน,,,เล่าที่มาของเสื้อเรโทรแต่ละตัว ใช้เสื้อของร้านในคลิปแล้วติดลิงก์ร้าน,เพิ่มชื่อร้านจริงเป็นรายการใหม่จากฟอร์มด้านล่าง แล้วลบรายการรวมนี้ได้,พฤ. 22 ต.ค.,ยังไม่ทัก,,
17,3,ทักเอง,ร้านการ์ดฟุตบอลและของสะสม (2 ร้าน),ร้านท้องถิ่น,จ. 19 ต.ค. 19:15,DM เพจ Facebook หรือ IG ของร้าน 2 ร้าน,,,เปิดแพ็กการ์ดแล้วเล่าประวัตินักเตะคนที่เปิดเจอ หรือไลฟ์เปิดการ์ดด้วยกัน,,พฤ. 22 ต.ค.,ยังไม่ทัก,,
18,3,ทักเอง,ร้านนั่งดูบอลในกรุงเทพฯ (2 ร้าน),ร้านท้องถิ่น,จ. 19 ต.ค. 19:30,DM เพจร้านนั่งดูบอลในกรุงเทพฯ 2 ร้าน,,,พาไปดูบิ๊กแมตช์ที่ร้าน ถ่ายบรรยากาศคนเชียร์จริง,ทักก่อนสัปดาห์ที่มีบิ๊กแมตช์,พ. 21 ต.ค.,ยังไม่ทัก,,
19,3,ทักเอง,Bitkub,สินทรัพย์ดิจิทัล,จ. 19 ต.ค. ทักคนรู้จัก · อ. 20 ต.ค. 09:30 ส่งอีเมล,LINE ถึงคนรู้จักในวงการคริปโตก่อน แล้วอีเมลถึง business@bitkub.com (cc ผู้ที่คนรู้จักแนะนำ),business@bitkub.com,ทักผ่านคนรู้จักในวงการคริปโตก่อน,ฟุตบอลกับการเปลี่ยนผ่านทางเทคโนโลยี เน้นสร้างการรับรู้แบรนด์,ห้ามชักชวนลงทุน ต้องระบุว่าเป็นโฆษณาและใส่คำเตือนความเสี่ยง,อ. 27 ต.ค.,ยังไม่ทัก,,
20,3,ทักเอง,eFootball Thailand (KONAMI),เกมฟุตบอล,อ. 20 ต.ค. 10:00,DM เพจ Facebook eFootball ไทย · ถ้าเพจให้อีเมลมา ส่งข้อความหลักทางอีเมล,เพจ eFootball ไทย,,ตำนานคนนี้ในเกมกับชีวิตจริงต่างกันแค่ไหน และประวัตินักเตะไทยที่เข้าเกม,ยังไม่พบอีเมล partnership ที่เปิดเผย,อ. 27 ต.ค.,ยังไม่ทัก,,
